BEGIN;

TRUNCATE mdndocs, reactdocs, documents RESTART IDENTITY CASCADE;

INSERT INTO mdndocs (id, mdnimagelink, mdnpagelink)
    VALUES
        ('1', 'https://i.imgur.com/ESNEOFg.png', 'https://developer.mozilla.org/en-US/docs/Web/JavaScript/Reference/Global_Objects/Array/concat'),
        ('2', 'https://i.imgur.com/YBAZWUV.png', 'https://developer.mozilla.org/en-US/docs/Web/JavaScript/Reference/Global_Objects/Math/pow'),
        ('3', 'https://i.imgur.com/d5A5wLd.png', 'https://developer.mozilla.org/en-US/docs/Web/JavaScript/Reference/Global_Objects/Date'),
        ('4', 'https://i.imgur.com/dGhVxWK.png', 'https://developer.mozilla.org/en-US/docs/Web/JavaScript/Reference/Global_Objects/Math/floor'),
        ('5', 'https://i.imgur.com/rvWsiTm.png', 'https://developer.mozilla.org/en-US/docs/Web/JavaScript/Reference/Global_Objects/Array'),
        ('6', 'https://i.imgur.com/zlCC9ZX.png', 'https://developer.mozilla.org/en-US/docs/Web/JavaScript/Reference/Global_Objects/null'),
        ('7', 'https://i.imgur.com/SODQPtE.png', 'https://developer.mozilla.org/en-US/docs/Web/JavaScript/Reference/Global_Objects/String/indexOf'),
        ('8', 'https://i.imgur.com/GeQcpWk.png', 'https://developer.mozilla.org/en-US/docs/Web/JavaScript/Reference/Global_Objects/String/slice'),
        ('9', 'https://i.imgur.com/bTmDUfz.png', 'https://developer.mozilla.org/en-US/docs/Web/JavaScript/Reference/Global_Objects/String/toUpperCase'),
        ('10', 'https://i.imgur.com/p8RM94e.png', 'https://developer.mozilla.org/en-US/docs/Web/JavaScript/Reference/Global_Objects/String/split'),
        ('11', 'https://i.imgur.com/d5A5wLd.png', 'https://developer.mozilla.org/en-US/docs/Web/JavaScript/Reference/Global_Objects/Date'),
        ('12', 'https://i.imgur.com/5aGZhsA.png', 'https://developer.mozilla.org/en-US/docs/Web/JavaScript/Reference/Global_Objects/String/substr'),
        ('13', 'https://i.imgur.com/TcT7FtV.png', 'https://developer.mozilla.org/en-US/docs/Web/JavaScript/Reference/Global_Objects/String/lastIndexOf'),
        ('14', 'https://i.imgur.com/dH0DVji.png', 'https://developer.mozilla.org/en-US/docs/Web/JavaScript/Reference/Global_Objects/Math/min'),
        ('15', 'https://i.imgur.com/jZpUTI3.png', 'https://developer.mozilla.org/en-US/docs/Web/API/Window/confirm'),
        ('16', 'https://i.imgur.com/erxAE3R.png', 'https://developer.mozilla.org/en-US/docs/Web/JavaScript/Reference/Global_Objects/String'),
        ('17', 'https://i.imgur.com/cRHJg8A.png', 'https://developer.mozilla.org/en-US/docs/Web/JavaScript/Reference/Global_Objects/Object/toString'),
        ('18', 'https://i.imgur.com/tW88gqd.png', 'https://developer.mozilla.org/en-US/docs/Web/JavaScript/Reference/Global_Objects/String/toLowerCase'),
        ('19', 'https://i.imgur.com/7Cyj5F7.png', 'https://developer.mozilla.org/en-US/docs/Web/API/Document/write'),
        ('20', 'https://i.imgur.com/YBAZWUV.png', 'https://developer.mozilla.org/en-US/docs/Web/JavaScript/Reference/Global_Objects/Math/pow'),
        ('21', 'https://i.imgur.com/251LwHM.png', 'https://developer.mozilla.org/en-US/docs/Web/JavaScript/Reference/Global_Objects/Math/max'),
        ('22', 'https://i.imgur.com/MMlqxrQ.png', 'https://developer.mozilla.org/en-US/docs/Web/JavaScript/Reference/Global_Objects/Math/random'),
        ('23', 'https://i.imgur.com/Nch33LZ.png', 'https://developer.mozilla.org/en-US/docs/Web/JavaScript/Reference/Global_Objects/Array/push'),
        ('24', 'https://i.imgur.com/L2B54kC.png', 'https://developer.mozilla.org/en-US/docs/Web/JavaScript/Reference/Global_Objects/Math/ceil'),
        ('25', 'https://i.imgur.com/GFkZmyb.png', 'https://developer.mozilla.org/en-US/docs/Web/JavaScript/Reference/Global_Objects/String/charAt'),
        ('26', 'https://i.imgur.com/g75rrXb.png', 'https://developer.mozilla.org/en-US/docs/Web/JavaScript/Reference/Global_Objects/Object'),
        ('27', 'https://i.imgur.com/hx6dDCB.png', 'https://developer.mozilla.org/en-US/docs/Web/JavaScript/Reference/Global_Objects/Array/concat'),
        ('28', 'https://i.imgur.com/kpgs7o8.png', 'https://developer.mozilla.org/en-US/docs/Web/JavaScript/Reference/Global_Objects/Object/valueOf'),
        ('29', 'https://i.imgur.com/3NfFWWg.png', 'https://developer.mozilla.org/en-US/docs/Web/JavaScript/Reference/Global_Objects/String/charCodeAt'),
        ('30', 'https://i.imgur.com/LKmodn4.png', 'https://developer.mozilla.org/en-US/docs/Web/API/Fetch_API/Using_Fetch'),
        ('31', 'https://i.imgur.com/W7E7LqB.png', 'https://developer.mozilla.org/en-US/docs/Web/JavaScript/Reference/Global_Objects/null'),
        ('32', 'https://i.imgur.com/a4E7PWY.png', 'https://developer.mozilla.org/en-US/docs/Glossary/Type_coercion'),
        ('33', 'https://i.imgur.com/YbqrknW.png', 'https://developer.mozilla.org/en-US/docs/Glossary/DOM'),
        ('34', 'https://i.imgur.com/Wm0MQLB.png', 'https://developer.mozilla.org/en-US/docs/Web/CSS/string'),
        ('35', 'https://i.imgur.com/XrtDZnP.png', 'https://developer.mozilla.org/en-US/docs/Web/JavaScript/Reference/Operators/Conditional_Operator'),
        ('36', 'https://i.imgur.com/HkIdkRm.png', 'https://developer.mozilla.org/en-US/docs/Web/JavaScript/Reference/Operators/Comparison_Operators'),
        ('37', 'https://i.imgur.com/3KXWgEd.png', 'https://developer.mozilla.org/en-US/docs/Web/JavaScript/Reference/Operators/Comparison_Operators'),
        ('38', 'https://i.imgur.com/Yx9oWVN.png', 'https://developer.mozilla.org/en-US/docs/Web/JavaScript/Reference/Operators/Comparison_Operators'),
        ('39', 'https://i.imgur.com/X6QdC0r.png', 'https://developer.mozilla.org/en-US/docs/Web/CSS/string'),
        ('40', 'https://i.imgur.com/cd5lJRc.png', 'https://developer.mozilla.org/en-US/docs/Glossary/Parameter');


INSERT INTO reactdocs (id, reactimagelink, reactpagelink)
    VALUES
        ('1', 'https://i.imgur.com/NSL98L6.png', 'https://reactjs.org/docs/optimizing-performance.html#the-power-of-not-mutating-data'),
        ('2', 'nothing', 'nothing'),
        ('3', 'nothing', 'nothing'),
        ('4', 'nothing', 'nothing'),
        ('5', 'https://i.imgur.com/d8eJvAF.png', 'https://reactjs.org/docs/react-api.html#reactchildrentoarray'),
        ('6', '', ''),
        ('7', 'nothing', 'nothing'),
        ('8', 'nothing', 'nothing'),
        ('9', 'nothing', 'nothing'),
        ('10', 'nothing', 'nothing'),
        ('11', 'nothing', 'nothing'),
        ('12', 'nothing', 'nothing'),
        ('13', 'nothing', 'nothing'),
        ('14', 'nothing', 'nothing'),
        ('15', 'nothing', 'nothing'),
        ('16', '', '');
        ('17', '', ''),
        ('18', 'nothing', 'nothing'),
        ('19', 'nothing', 'nothing'),
        ('20', 'nothing', 'nothing'),
        ('21', 'nothing', 'nothing'),
        ('22', 'https://i.imgur.com/rlOJeBt.png', 'https://reactjs.org/docs/glossary.html#keys'),
        ('23', 'twentythreeImageLink', 'twentythreePageLink'),
        ('24', 'twentyfourImageLink', 'twentyfourPageLink'),
        ('25', 'twentyfiveImageLink', 'twentyfivePageLink'),
        ('26', 'twentysixImageLink', 'twentysixPageLink'),
        ('27', 'https://i.imgur.com/NSL98L6.png', 'https://reactjs.org/docs/optimizing-performance.html#the-power-of-not-mutating-data'),
        ('28', 'twentyeightImageLink', 'twentyeightPageLink'),
        ('29', 'twentynineImageLink', 'twentyninePageLink'),
        ('30', 'thirtyImageLink', 'thirtyPageLink'),
        ('31', 'thirtyOneImageLink', 'thirtyonePageLink'),
        ('32', 'thirtyTwoImageLink', 'thirtytwoPageLink'),
        ('33', 'thirtyThreeImageLink', 'thirtythreePageLink'),
        ('34', 'thirtyFourImageLink', 'thirtyfourPageLink'),
        ('35', 'thirtyfiveImageLink', 'thirtyfivePageLink'),
        ('36', 'thirtysixImageLink', 'thirtysixPageLink'),
        ('37', 'thirtysevenImageLink', 'thirtysevenPageLink'),
        ('38', 'thirtyeightImageLink', 'thirtyeightPageLink'),
        ('39', 'thirtynineImageLink', 'thirtyninePageLink'),
        ('40', 'fourtyImageLink', 'fourtyPageLink'),
        ('41', 'https://i.imgur.com/PKquEnH.png', 'https://reactjs.org/docs/components-and-props.html#function-and-class-components'),
        ('42', 'https://i.imgur.com/G2uBnG4.png', 'https://reactjs.org/docs/composition-vs-inheritance.html#___gatsby'),
        ('43', 'https://i.imgur.com/ma8C4wv.png', 'https://reactjs.org/docs/conditional-rendering.html#___gatsby'),
        ('44', 'https://i.imgur.com/6Zr9Zci.png', 'https://reactjs.org/docs/forms.html#___gatsby'),
        ('45', 'https://i.imgur.com/DerY4gc.png', 'https://reactjs.org/docs/forwarding-refs.html#forwarding-refs-in-higher-order-components'),
        ('46', 'https://i.imgur.com/8ylaH2H.png', 'https://reactjs.org/docs/handling-events.html#___gatsby'),
        ('47', 'https://i.imgur.com/EgXNEhE.png', 'https://reactjs.org/docs/introducing-jsx.html'),
        ('48', 'https://i.imgur.com/y31JXzw.png', 'https://reactjs.org/docs/lifting-state-up.html#lifting-state-up'),
        ('49', 'https://i.imgur.com/tvJkgu0.png', 'https://reactjs.org/docs/lists-and-keys.html'),
        ('50', 'https://i.imgur.com/a9My2dl.png', 'https://reactjs.org/docs/context.html#when-to-use-context'),
        ('51', 'https://i.imgur.com/pHO1KUK.png', 'https://reactjs.org/docs/error-boundaries.html#introducing-error-boundaries'),
        ('52', 'https://i.imgur.com/WgIYPTg.png', 'https://reactjs.org/docs/rendering-elements.html'),
        ('53', 'https://i.imgur.com/eDLErrT.png', 'https://reactjs.org/docs/state-and-lifecycle.html#converting-a-function-to-a-class'),
        ('54', 'https://i.imgur.com/AhIy5Fd.png', 'https://reactjs.org/docs/thinking-in-react.html'),
        ('55', 'https://i.imgur.com/8QY4x9X.png', 'https://reactjs.org/docs/accessibility.html#why-accessibility');

INSERT INTO documents (id, term, fkmdndocs, fkreactdocs)
    VALUES
        ('1', 'concat()', '1', '1'),
        ('2', 'pow()', '2', '2'),
        ('3', 'date()', '3', '3'),
        ('4', 'floor()', '4', '4'),
        ('5', 'array', '5', '5'),
        ('6', 'null', '6', '6'),
        ('7', 'indexof', '7', '7'),
        ('8', 'slice', '8', '8'),
        ('9', 'touppercase', '9', '9'),
        ('10', 'split', '10', '10'),
        ('11', 'date', '11', '11'),
        ('12', 'substr', '12', '12'),
        ('13', 'lastindexof', '13', '13'),
        ('14', 'min', '14', '14'),
        ('15', 'confirm', '15', '15'),
        ('16', 'string', '16', '16'),
        ('17', 'tostring', '17', '17'),
        ('18', 'tolowercase', '18', '18'),
        ('19', 'write', '19', '19'),
        ('20', 'pow', '20', '20'),
        ('21', 'max', '21', '21'),
        ('22', 'random', '22', '22'),
        ('23', 'push', '23', '23'),
        ('24', 'ceil', '24', '24'),
        ('25', 'charat', '25', '25'),
        ('26', 'object', '26', '26'),
        ('27', 'concat', '27', '27'),
        ('28', 'valueof', '28', '28'),
        ('29', 'charcodeat', '29', '29'),
        ('30', 'fetch', '30', '30'),
        ('31', 'null', '31', '31'),
        ('32', 'typecoercion', '32', '32'),
        ('33', 'dom', '33', '33'),
        ('34', 'string', '34', '34'),
        ('35', 'ternaryoperator', '35', '35'),
        ('36', 'comparisonoperators', '36', '36'),
        ('37', 'equalityoperators', '37', '37'),
        ('38', 'inequalityoperators', '38', '38'),
        ('39', 'string', '39', '39'),
        ('40', 'parameter', '40', '40'),
        ('41', 'components props', '41', '41'),
        ('42', 'composition inheritance', '42', '42'),
        ('43', 'conditional rendering', '43', '43'),
        ('44', 'forms', '44', '44'),
        ('45', 'forwarding refs', '45', '45'),
        ('46', 'handling events', '46', '46'),
        ('47', 'jsx', '47', '47'),
        ('48', 'state', '48', '48'),
        ('49', 'lists keys', '49', '49'),
        ('50', 'context', '50', '50'),
        ('51', 'error boundaries', '51', '51'),
        ('52', 'rendering elements', '52', '52'),
        ('53', 'state lifecycle', '53', '53'),
        ('54', 'thinking react', '54', '54'),
        ('55', 'ally accessibility', '55', '55');

COMMIT;
